{"cameraMode":{"drawMode":0,"name":"Shaded","section":"Shading Mode"},"sceneLighting":false,"audioPlay":false,"sceneViewState":{"m_AlwaysRefresh":false,"showFog":true,"showSkybox":false,"showFlares":true,"showImageEffects":true,"showParticleSystems":true,"showVisualEffectGraphs":true,"m_FxEnabled":true},"in2DMode":false,"pivot":{"x":4.945549488067627,"y":0.23567739129066468,"z":4.811289310455322},"rotation":{"x":-0.0019264159491285682,"y":0.9970390200614929,"z":-0.07222176343202591,"w":-0.026626821607351304},"size":0.5582409501075745,"orthographic":false}