{"cameraMode":{"drawMode":0,"name":"Shaded","section":"Shading Mode"},"sceneLighting":false,"audioPlay":false,"sceneViewState":{"m_AlwaysRefresh":false,"showFog":true,"showSkybox":false,"showFlares":true,"showImageEffects":true,"showParticleSystems":true,"showVisualEffectGraphs":true,"m_FxEnabled":true},"in2DMode":false,"pivot":{"x":-1.6279864311218262,"y":0.6901252269744873,"z":-1.325052261352539},"rotation":{"x":-0.0019264159491285682,"y":0.9970390200614929,"z":-0.07222176343202591,"w":-0.026626821607351304},"size":0.9949874877929688,"orthographic":false}