{"cameraMode":{"drawMode":0,"name":"Shaded","section":"Shading Mode"},"sceneLighting":true,"audioPlay":false,"sceneViewState":{"m_AlwaysRefresh":false,"showFog":true,"showSkybox":true,"showFlares":true,"showImageEffects":true,"showParticleSystems":true,"showVisualEffectGraphs":true,"m_FxEnabled":true},"in2DMode":false,"pivot":{"x":25.888723373413087,"y":4.999634265899658,"z":14.64134407043457},"rotation":{"x":-0.007955193519592286,"y":0.7315434217453003,"z":0.008990183472633362,"w":0.6819103956222534},"size":0.8642716407775879,"orthographic":false}