{"cameraMode":{"drawMode":0,"name":"Shaded","section":"Shading Mode"},"sceneLighting":false,"audioPlay":false,"sceneViewState":{"m_AlwaysRefresh":false,"showFog":true,"showSkybox":false,"showFlares":true,"showImageEffects":true,"showParticleSystems":true,"showVisualEffectGraphs":true,"m_FxEnabled":true},"in2DMode":false,"pivot":{"x":0.4899999797344208,"y":0.9975383281707764,"z":-2.880000114440918},"rotation":{"x":0.0025249281898140909,"y":0.9974200129508972,"z":0.04041245952248573,"w":-0.06051988527178764},"size":1.1850073337554932,"orthographic":false}