{"cameraMode":{"drawMode":0,"name":"Shaded","section":"Shading Mode"},"sceneLighting":true,"audioPlay":false,"sceneViewState":{"m_AlwaysRefresh":false,"showFog":true,"showSkybox":false,"showFlares":true,"showImageEffects":true,"showParticleSystems":true,"showVisualEffectGraphs":true,"m_FxEnabled":true},"in2DMode":false,"pivot":{"x":52.182334899902347,"y":14.633567810058594,"z":38.081459045410159},"rotation":{"x":-0.0019264159491285682,"y":0.9970390200614929,"z":-0.07222176343202591,"w":-0.026626821607351304},"size":30.310888290405275,"orthographic":false}