{"cameraMode":{"drawMode":0,"name":"Shaded","section":"Shading Mode"},"sceneLighting":false,"audioPlay":false,"sceneViewState":{"m_AlwaysRefresh":false,"showFog":true,"showSkybox":false,"showFlares":true,"showImageEffects":true,"showParticleSystems":true,"showVisualEffectGraphs":true,"m_FxEnabled":true},"in2DMode":false,"pivot":{"x":3.364074230194092,"y":1.9049999713897706,"z":3.256999969482422},"rotation":{"x":-0.0019264159491285682,"y":0.9970390200614929,"z":-0.07222176343202591,"w":-0.026626821607351304},"size":1.5139179229736329,"orthographic":false}